Lead Name,Website,Website Available,Phone,Location,Industry,Lead Score,Priority,Recommended Services,Issues
Indore Marriott Hotel,https://www.marriott.com/en-us/hotels/idrmh-indore-marriott-hotel/overview/?scid=f2ae0541-1279-4f24-b197-a979c79310b0,Yes,+91 731 477 7777,"H-2 Scheme No 54, Meghdoot Garden, Vijay Nagar, Indore, Madhya Pradesh 452010, India",5 star hotel,38,Cold,"Digital Marketing, UI/UX, Web Development",Viewport meta tag missing; Responsive CSS not detected; Missing meta description; Schema markup not detected; Navigation structure not detected; Limited website content
Sheraton Grand Palace Indore,https://www.marriott.com/en-us/hotels/idrsi-sheraton-grand-palace-indore/overview/?scid=f2ae0541-1279-4f24-b197-a979c79310b0,Yes,+91 731 488 0000,"Bypass Road, Omaxe City 1, Mayakhedi, Indore, Madhya Pradesh 452016, India",5 star hotel,38,Cold,"Digital Marketing, UI/UX, Web Development",Viewport meta tag missing; Responsive CSS not detected; Missing meta description; Schema markup not detected; Navigation structure not detected; Limited website content
Sayaji Hotel Indore,https://sayajihotels.com/sayaji-indore,Yes,+91 731 400 6666,"H/1, Maguda Nagar, Vijay Nagar, Scheme No 54, Indore, Madhya Pradesh 452010, India",5 star hotel,22,Cold,"Digital Marketing, UI/UX, Web Development",Responsive CSS not detected; Missing meta description; Schema markup not detected; Navigation structure not detected
Radisson Blu Hotel Indore,https://www.radissonhotels.com/en-us/hotels/radisson-blu-indore?cid=a:se+b:gmb+c:apac+i:local+e:rdb+d:ind+h:INMPIDR2,Yes,+91 731 673 8888,"No 94 C, 12, Scheme, Ring Rd, Scheme 94 Sector CA, Indore, Madhya Pradesh 452010, India",5 star hotel,22,Cold,"Digital Marketing, UI/UX, Web Development",Responsive CSS not detected; Missing meta description; Schema markup not detected; Navigation structure not detected
Essentia Luxury Hotel Indore,https://www.essentiahotels.in/luxury-hotel-indore/,Yes,+91 731 672 5777,"Essentia Luxury Hotel, near World Cup Square, Pipliyahana, Indore, Madhya Pradesh 452018, India",5 star hotel,32,Cold,"UI/UX, Web Development",High number of images; Excessive JavaScript resources; High HTTP request count (83); Potential horizontal scrolling issue; Excessive inline styles
The Park Indore,http://www.theparkhotels.com/indore,Yes,+91 731 486 0000,"MR 10 Rd, Scheme 134, Nipania, Indore, Madhya Pradesh 452016, India",5 star hotel,56,Warm,"Digital Marketing, UI/UX, Web Development",Slow page load (13.1s); High number of images; Image lazy loading not detected; High HTTP request count (94); Responsive CSS not detected; Multiple H1 headings; 2 image(s) missing ALT text; Excessive inline styles
Pride Hotel & Convention Centre Indore,http://www.pridehotel.com/indore/the-pride-hotel-indore/overview/,Yes,+91 731 675 5555,"35, PW5H+6VQ, 1, Bicholi Mardana, near pride hotel, Indore, Madhya Pradesh 452016, India",5 star hotel,50,Warm,"UI/UX, Web Development",Page load needs improvement (2.3s); High number of images; Excessive JavaScript resources; High HTTP request count (162); Responsive CSS not detected; Potential horizontal scrolling issue; Excessive inline styles
"WOW Crest, Indore - IHCL SeleQtions",https://www.seleqtionshotels.com/en-in/hotels/wow-crest-indore?utm_source=google&utm_medium=local&utm_campaign=wow-crest-indore-cla&utm_content=wow-crest-indore-cla-gmb,Yes,+91 731 671 1111,"Plot No. 106, AB Rd, Scheme No. 54 PU - 3 Commercial, Indore, Madhya Pradesh 452011, India",5 star hotel,29,Cold,"UI/UX, Web Development",High number of images; Excessive JavaScript resources; High HTTP request count (185); Navigation structure not detected; Excessive inline styles
Radisson RED Indore,https://www.radissonhotels.com/en-us/hotels/radisson-red-indore?cid=a:se+b:gmb+c:apac+i:local+e:rdr+d:ind+h:INMPIDR1,Yes,+91 731 674 8888,"29/2, MR 10 Rd, near Radisson Hotel, Scheme 94 Sector CA, Indore, Madhya Pradesh 452010, India",5 star hotel,22,Cold,"Digital Marketing, UI/UX, Web Development",Responsive CSS not detected; Missing meta description; Schema markup not detected; Navigation structure not detected
Ramada Encore by Wyndham Indore Nipania,https://www.wyndhamhotels.com/ramada/indore-india/ramada-encore-indore-nipania/overview?CID=LC:wmcic5n98gs1g0r:55979&iata=00093796,Yes,+91 731 353 8900,"SURVEY NO 148, 150/3, 150/2, Nipania, Indore, Madhya Pradesh 452010, India",5 star hotel,45,Warm,"Digital Marketing, UI/UX, Web Development",High number of images; Image lazy loading not detected; Excessive JavaScript resources; High HTTP request count (168); Responsive CSS not detected; 49 image(s) missing ALT text; Excessive inline styles
Brilliant Convention Centre,http://www.bccindore.com/,Yes,+91 731 255 2424,"Plot No 5, near Life Care Hospital, Scheme Number 78, Part II, Scheme 78, Vijay Nagar, Indore, Madhya Pradesh 452010, India",5 star hotel,42,Warm,"Digital Marketing, UI/UX, Web Development",Page load needs improvement (2.9s); Responsive CSS not detected; Missing meta description; H1 heading missing; Schema markup not detected; Navigation structure not detected; HTTPS not enabled; Limited website content
Kiwi Inn Hotel,http://kiwiinnhotel.com/,Yes,+91 92440 34070,"3, Bhawarkua Main Rd, near Anand Hospital, Sindhu Nagar, Sindhi Colony, Indore, Madhya Pradesh 452014, India",5 star hotel,33,Cold,"UI/UX, Web Development",Image lazy loading not detected; Excessive CSS resources; HTTP requests need improvement (57); Caching/CDN not detected; Responsive CSS not detected
Radisson RED Indore,https://www.radissonhotels.com/en-us/hotels/radisson-red-indore?cid=a:se+b:gmb+c:apac+i:local+e:rdr+d:ind+h:INMPIDR1,Yes,+91 731 674 8888,"29/2, MR 10 Rd, near Radisson Hotel, Scheme 94 Sector CA, Indore, Madhya Pradesh 452010, India",5 star hotel,22,Cold,"Digital Marketing, UI/UX, Web Development",Responsive CSS not detected; Missing meta description; Schema markup not detected; Navigation structure not detected
"Hotel Crown Palace, Indore",https://crownpalace.com/,Yes,+91 731 252 8855,"Plot No. 2A, Kanchan Bagh, Indore, Madhya Pradesh 452001, India",5 star hotel,64,Warm,Web Development,Website could not be accessed
Hotel Vrindavan Palace,,No,+91 731 403 9740,"78, Ushaganj, Chhawni, Near Sanyogitaganj Police Station, Indore, Madhya Pradesh 452001, India",5 star hotel,100,Hot,"Web Development, UI/UX",No website available
REGENTA CENTRAL INDORE,,No,,"Omaxe city 2, Mumbai - Agra National Highway bypass, 2, Agra - Mumbai Hwy, bypass, Manglaya Sadak, Indore, Madhya Pradesh 453771, India",5 star hotel,100,Hot,"Web Development, UI/UX",No website available
Hotel Princes' Palace,https://hotelprincespalace.com/,Yes,+91 731 404 0491,"8-A-1, South Tukoganj, Indore, Madhya Pradesh 452001, India",5 star hotel,48,Warm,"Digital Marketing, UI/UX, Web Development",Excessive CSS resources; Excessive JavaScript resources; High HTTP request count (129); Caching/CDN not detected; Potential horizontal scrolling issue; Missing meta description; 4 image(s) missing ALT text; Schema markup not detected; Excessive inline styles
Palette by OYO Sapphire Star Chappan Market,https://www.oyorooms.com/h/714?utm_source=Google_gmb&utm_medium=Organic&utm_campaign=IND003&latitude=22.7251&longitude=75.88418&locale=en,Yes,+91 124 620 1784,"39, Race Course Rd, near Chappan Dukan, Near 56 Dukan, Chappan Dukan, New Palasia, Indore, Madhya Pradesh 452001, India",5 star hotel,31,Cold,"Digital Marketing, UI/UX, Web Development",High number of images; Image lazy loading not detected; HTTP requests need improvement (51); 6 image(s) missing ALT text; Navigation structure not detected; Excessive inline styles
